Mouse ID,Genetic Background,Gender,DOB,Weaning Date,Age,Parent Crossing,Strain 1,Strain 2,Strain 3,Experiments? ,Date of Euthanization,Notes
TRPV1-flox-Cdh23-12152023-1M,,Male,12/15/2023,1/9/2024,,2043/2049,Trpv1-flox,B6N-Cdh23-KI,,,2/8/2024,
TRPV1-flox-Cdh23-12152023-2M,,Male,12/15/2023,1/9/2024,,2043/2049,Trpv1-flox,B6N-Cdh23-KI,,,2/8/2024,
TRPV1-flox-Cdh23-12152023-3M,,Male,12/15/2023,1/9/2024,,2043/2049,Trpv1-flox,B6N-Cdh23-KI,,,2/8/2024,
TRPV1-flox-Cdh23-12152023-4F,,Female,12/15/2023,1/9/2024,,2043/2049,Trpv1-flox,B6N-Cdh23-KI,,,2/8/2024,
TRPV1-flox-Cdh23-12152023-5F,,Female,12/15/2023,1/9/2024,,2043/2049,Trpv1-flox,B6N-Cdh23-KI,,,2/8/2024,
TRPV1-flox-Cdh23-12152023-6F,,Female,12/15/2023,1/9/2024,,2043/2049,Trpv1-flox,B6N-Cdh23-KI,,,2/8/2024,
Pcdh15-01132024-1M,,Male,1/13/2024,2/6/2024,,,Pcdh15,,,,2/7/2024,
Pcdh15-01132024-2M,,Male,1/13/2024,2/6/2024,,,Pcdh15,,,,2/7/2024,
Pcdh15-01132024-3F,,Female,1/13/2024,2/6/2024,,,Pcdh15,,,,2/7/2024,
Pcdh15-01132024-4F,,Female,1/13/2024,2/6/2024,,,Pcdh15,,,,2/7/2024,
Pcdh15-01132024-5F,,Female,1/13/2024,2/6/2024,,,Pcdh15,,,,2/7/2024,
TRPV1-flox-Cdh23-11242023-1F,,Female,11/24/2023,12/20/2024,,2043/2049,Trpv1-flox,B6N-Cdh23-KI,,,2/8/2024,
TRPV1-flox-Cdh23-11242023-2F,,Female,11/24/2023,12/20/2024,,2043/2049,Trpv1-flox,B6N-Cdh23-KI,,,2/8/2024,
TRPV1-flox-Cdh23-11242023-3M,,Male,11/24/2023,12/20/2024,,2043/2049,Trpv1-flox,B6N-Cdh23-KI,,,2/8/2024,
B6N-Cdh23-10302023-1M,,Male,10/30/2023,11/21/2024,,1769/1771,B6N-Cdh23-KI,,,Shreshtha Dash,1/23/2024,
B6N-Cdh23-10302023-2M,,Male,10/30/2023,11/21/2024,,1769/1771,B6N-Cdh23-KI,,,Shreshtha Dash,1/23/2024,
B6N-Cdh23-10302023-3M,,Male,10/30/2023,11/21/2024,,1769/1771,B6N-Cdh23-KI,,,Shreshtha Dash,1/23/2024,
B6N-Cdh23-10302023-4M,,Male,10/30/2023,11/21/2024,,1769/1771,B6N-Cdh23-KI,,,Shreshtha Dash,1/23/2024,
B6N-Cdh23-10302023-5M,,Male,10/30/2023,11/21/2024,,1769/1771,B6N-Cdh23-KI,,,Shreshtha Dash,1/23/2024,
B6N-Cdh23-11152023-1F,,Female,11/15/2023,12/12/2023,,,B6N-Cdh23-KI,,,Shreshtha Dash,1/31/2024,
B6N-Cdh23-11152023-2F,,Female,11/15/2023,12/12/2023,,,B6N-Cdh23-KI,,,Shreshtha Dash,1/31/2024,
B6N-Cdh23-11152023-3F,,Female,11/15/2023,12/12/2023,,,B6N-Cdh23-KI,,,Shreshtha Dash,1/31/2024,
B6N-Cdh23-11152023-4F,,Female,11/15/2023,12/12/2023,,,B6N-Cdh23-KI,,,Shreshtha Dash,1/31/2024,
B6N-Cdh23-11152023-5F,,Female,11/15/2023,12/12/2023,,,B6N-Cdh23-KI,,,Shreshtha Dash,1/31/2024,
B6N-Cdh23-11152023-6F,,Female,11/15/2023,12/12/2023,,,B6N-Cdh23-KI,,,Shreshtha Dash,1/31/2024,
B6N-Cdh23-11152023-7F,,Female,11/15/2023,12/12/2023,,,B6N-Cdh23-KI,,,Shreshtha Dash,1/31/2024,
B6N-Cdh23-11152023-8M,,Male,11/15/2023,12/12/2023,,,B6N-Cdh23-KI,,,Shreshtha Dash,2/19/2024,
B6N-Cdh23-11152023-9M,,Male,11/15/2023,12/12/2023,,,B6N-Cdh23-KI,,,Shreshtha Dash,2/21/2024,
B6N-Cdh23-11152023-10M,,Male,11/15/2023,12/12/2023,,,B6N-Cdh23-KI,,,Shreshtha Dash,2/21/2024,
B6N-Cdh23-11152023-11M,,Male,11/15/2023,12/12/2023,,,B6N-Cdh23-KI,,,Shreshtha Dash,2/21/2024,
B6N-Cdh23-11152023-12M,,Male,11/15/2023,12/12/2023,,,B6N-Cdh23-KI,,,Shreshtha Dash,2/21/2024,
B6N-Cdh23-11152023-13M,,Male,11/15/2023,12/12/2023,,,B6N-Cdh23-KI,,,Shreshtha Dash,2/21/2024,
B6N-Cdh23-01022024-1F,,Female,1/2/2024,2/6/2024,,,B6N-Cdh23-KI,,,,2/19/2024,Collected blood.
B6N-Cdh23-01022024-2F,,Female,1/2/2024,2/6/2024,,,B6N-Cdh23-KI,,,,2/19/2024,Collected blood.
B6N-Cdh23-01022024-3F,,Female,1/2/2024,2/6/2024,,,B6N-Cdh23-KI,,,,2/19/2024,Collected blood.
B6N-Cdh23-01022024-4F,,Female,1/2/2024,2/6/2024,,,B6N-Cdh23-KI,,,,2/19/2024,Collected blood.
B6N-Cdh23-01022024-5F,,Female,1/2/2024,2/6/2024,,,B6N-Cdh23-KI,,,,2/19/2024,Collected blood.
B6N-Cdh23-01022024-6M,,Male,1/2/2024,2/6/2024,,,B6N-Cdh23-KI,,,,2/19/2024,Collected blood.
B6N-Cdh23-01022024-7M,,Male,1/2/2024,2/6/2024,,,B6N-Cdh23-KI,,,,2/19/2024,Collected blood.
B6N-Cdh23-12162023-7F,,Female,12/16/2023,1/9/2024,,,B6N-Cdh23-KI,,,,2/1/2024,
B6N-01082024-1M,,Male,1/8/2024,2/6/2024,,,B6N-Cdh23-KI,,,,,
B6N-01082024-2M,,Male,1/8/2024,2/6/2024,,,B6N-Cdh23-KI,,,,,
B6N-01082024-3F,,Female,1/8/2024,2/6/2024,,,B6N-Cdh23-KI,,,,,
B6N-Cdh23-01202024-1M,,Male,1/20/2024,2/13/2024,,,B6N-Cdh23-KI,,,,2/19/2024,Collected blood.
B6N-Cdh23-01202024-2M,,Male,1/20/2024,2/13/2024,,,B6N-Cdh23-KI,,,,2/19/2024,Collected blood.
B6N-Cdh23-01202024-3M,,Male,1/20/2024,2/13/2024,,,B6N-Cdh23-KI,,,,2/19/2024,Collected blood.
B6N-Cdh23-01202024-4M,,Male,1/20/2024,2/13/2024,,,B6N-Cdh23-KI,,,,2/19/2024,Collected blood.
B6N-Cdh23-01202024-5M,,Male,1/20/2024,2/13/2024,,,B6N-Cdh23-KI,,,,2/19/2024,Collected blood.
B6N-Cdh23-01202024-6M,,Male,1/20/2024,2/13/2024,,,B6N-Cdh23-KI,,,,2/19/2024,Collected blood.
B6N-Cdh23-01202024-7M,,Male,1/20/2024,2/13/2024,,,B6N-Cdh23-KI,,,,2/19/2024,Collected blood.
B6N-Cdh23-01202024-8M,,Male,1/20/2024,2/13/2024,,,B6N-Cdh23-KI,,,,2/19/2024,Collected blood.
MyD88-KO-01152024-1M,,Male,1/15/2024,2/8/2024,,"1985, 1986/1987",Myd88-KO,,,,2/19/2024,Collected blood.
MyD88-KO-01152024-2M,,Male,1/15/2024,2/8/2024,,"1985, 1986/1987",Myd88-KO,,,,2/19/2024,Collected blood.
MyD88-KO-01152024-3M,,Male,1/15/2024,2/8/2024,,"1985, 1986/1987",Myd88-KO,,,,2/19/2024,Collected blood.
MyD88-KO-01152024-4M,,Male,1/15/2024,2/8/2024,,"1985, 1986/1987",Myd88-KO,,,,2/19/2024,Collected blood.
MyD88-KO-01152024-5M,,Male,1/15/2024,2/8/2024,,"1985, 1986/1987",Myd88-KO,,,,2/19/2024,Collected blood.
MyD88-KO-01152024-6M,,Male,1/15/2024,2/8/2024,,"1985, 1986/1987",Myd88-KO,,,,2/19/2024,Collected blood.
TLR4-loxp-Cdh23-01132024-1F,,Female,1/13/2024,2/6/2024,,,Tlr4-loxp,B6N-Cdh23-KI,,,2/19/2024,Collected blood.
TRPV1-flox-12102023-1F,,Female,12/10/2023,12/31/2023,,,Trpv1-flox,,,,1/19/2024,
TRPV1-flox-12102023-2F,,Female,12/10/2023,12/31/2023,,,Trpv1-flox,,,,1/19/2024,
TRPV1-flox-12102023-3F,,Female,12/10/2023,12/31/2023,,,Trpv1-flox,,,,1/19/2024,
TRPV1-flox-12102023-4F,,Female,12/10/2023,12/31/2023,,,Trpv1-flox,,,,2/19/2024,
TRPV1-flox-12102023-5F,,Female,12/10/2023,12/31/2023,,,Trpv1-flox,,,,2/19/2024,
TRPV1-flox-12102023-6F,,Female,12/10/2023,12/31/2023,,,Trpv1-flox,,,,2/19/2024,
TRPV1-flox-12102023-7F,,Female,12/10/2023,12/31/2023,,,Trpv1-flox,,,,2/19/2024,
TRPV1-flox-11162023-1M,,Male,11/16/2023,12/12/2023,,1630/1628,Trpv1-flox,,,,2/19/2024,
TRPV1-flox-11162023-2M,,Male,11/16/2023,12/12/2023,,1630/1628,Trpv1-flox,,,,2/19/2024,
TRPV1-flox-11162023-3M,,Male,11/16/2023,12/12/2023,,1630/1628,Trpv1-flox,,,,2/19/2024,
TRPV1-flox-11162023-4F,,Female,11/16/2023,12/12/2023,,1630/1628,Trpv1-flox,,,,2/19/2024,
TRPV1-flox-11162023-5F,,Female,11/16/2023,12/12/2023,,1630/1628,Trpv1-flox,,,,2/19/2024,
TRPV1-flox-11162023-6F,,Female,11/16/2023,12/12/2023,,1630/1628,Trpv1-flox,,,,2/19/2024,
Cachd1-12162023-1M,,Male,12/16/2023,1/9/2024,,1743/1744,Cachd1,,,,2/1/2024,
Pax2-Cre-TLR4-loxp-01132024-1M,,Male,1/13/2024,2/16/2024,,,Pax2-Cre,Tlr4-loxp,B6N-Cdh23-KI,,,
Pax2-Cre-TLR4-loxp-01132024-2M,,Male,1/13/2024,2/16/2024,,,Pax2-Cre,Tlr4-loxp,B6N-Cdh23-KI,,,
Pax2-Cre-TLR4-loxp-01132024-3M,,Male,1/13/2024,2/16/2024,,,Pax2-Cre,Tlr4-loxp,B6N-Cdh23-KI,,,
Pax2-Cre-TLR4-loxp-01132024-4M,,Male,1/13/2024,2/16/2024,,,Pax2-Cre,Tlr4-loxp,B6N-Cdh23-KI,,,
TLR4-KO-10312023-5M,,Male,10/31/2023,11/21/2023,,"2013, 2014/2017 / 2012/2016",Tlr4 KO,,,,2/20/2024,Collected blood.
TLR4-KO-10312023-6M,,Male,10/31/2023,11/21/2023,,"2013, 2014/2017 / 2012/2016",Tlr4 KO,,,,2/20/2024,Collected blood.
TLR4-KO-10312023-7M,,Male,10/31/2023,11/21/2023,,"2013, 2014/2017 / 2012/2016",Tlr4 KO,,,,2/20/2024,Collected blood.
TLR4-KO-10312023-8M,,Male,10/31/2023,11/21/2023,,"2013, 2014/2017 / 2012/2016",Tlr4 KO,,,,2/20/2024,Collected blood.
TLR4-KO-10312023-1F,,Female,10/31/2023,11/21/2023,,"2013, 2014/2017 / 2012/2016",Tlr4 KO,,,,2/20/2024,Collected blood.
TLR4-KO-10312023-2F,,Female,10/31/2023,11/21/2023,,"2013, 2014/2017 / 2012/2016",Tlr4 KO,,,,2/20/2024,Collected blood.
TLR4-KO-10312023-3F,,Female,10/31/2023,11/21/2023,,"2013, 2014/2017 / 2012/2016",Tlr4 KO,,,,2/20/2024,Collected blood.
TLR4-KO-10312023-4F,,Female,10/31/2023,11/21/2023,,"2013, 2014/2017 / 2012/2016",Tlr4 KO,,,,2/20/2024,"Collected blood. Possibly blind, visible cataracts in both eyes. "
Pax2-Cre-TLR4-loxp-Cdh23-12182023-9M,,Male,12/18/2023,1/15/2024,,2199/2173,Pax2-Cre,Tlr4-loxp,B6N-Cdh23-KI,,,
Pax2-Cre-TLR4-loxp-Cdh23-12182023-10M,,Male,12/18/2023,1/15/2024,,2199/2173,Pax2-Cre,Tlr4-loxp,B6N-Cdh23-KI,,,
TRPV1-KO-12282023-1F,,Female,12/28/2023,1/19/2024,,1622/1625,Trpv1 KO,,,,,
TRPV1-KO-12282023-2F,,Female,12/28/2023,1/19/2024,,1622/1625,Trpv1 KO,,,,,
TRPV1-KO-12282023-3M,,Male,12/28/2023,1/19/2024,,1622/1625,Trpv1 KO,,,,,
TRPV1-KO-12282023-4M,,Male,12/28/2023,1/19/2024,,1622/1625,Trpv1 KO,,,,,
TLR4-loxp-Cdh23-01132024-2M,,Male,1/13/2024,2/6/2024,,,Tlr4-loxp,B6N-Cdh23-KI,,,,
TLR4-loxp-Cdh23-01132024-3M,,Male,1/13/2024,2/6/2024,,,Tlr4-loxp,B6N-Cdh23-KI,,,,
TLR4-loxp-Cdh23-01132024-4M,,Male,1/13/2024,2/6/2024,,,Tlr4-loxp,B6N-Cdh23-KI,,,,
TLR4-loxp-Cdh23-01132024-5M,,Male,1/13/2024,2/6/2024,,,Tlr4-loxp,B6N-Cdh23-KI,,,,
B6N-01232024-1M,,Male,1/23/2024,2/16/2024,,,B6N (C57BL/6N),,,,2/21/2024,Collected blood and tissues. 
B6N-01232024-2M,,Male,1/23/2024,2/16/2024,,,B6N (C57BL/6N),,,,2/21/2024,Collected blood and tissues. 
B6N-01232024-3M,,Male,1/23/2024,2/16/2024,,,B6N (C57BL/6N),,,,2/21/2024,Collected blood and tissues. 
DP16-12282023-4F,,Female,12/28/2023,1/19/2024,,2098/2074,DP16,,,,,UC
Tlr7-KO-03032024-1F,,Female,3/3/2024,3/28/2024,,2437/2438,Tlr7 KO,,,,3/28/2024,
Tlr7-KO-03032024-2M,,Male,3/3/2024,3/28/2024,,2437/2438,Tlr7 KO,,,,3/28/2024,
Pax2-Cre-Tlr4-loxp-Cdh23-03092024-1F,,Female,3/9/2024,3/28/2024,,"2004, 2005/1704",Pax2-Cre,Tlr4-loxp,B6N-Cdh23-KI,,3/28/2024,
Pax2-Cre-Tlr4-loxp-Cdh23-03092024-2F,,Female,3/9/2024,3/28/2024,,"2004, 2005/1704",Pax2-Cre,Tlr4-loxp,B6N-Cdh23-KI,,3/28/2024,
Pax2-Cre-Tlr4-loxp-Cdh23-03092024-3M,,Male,3/9/2024,3/28/2024,,"2004, 2005/1704",Pax2-Cre,Tlr4-loxp,B6N-Cdh23-KI,,3/28/2024,
Pax2-Cre-Tlr4-loxp-Cdh23-03092024-4M,,Male,3/9/2024,3/28/2024,,"2004, 2005/1704",Pax2-Cre,Tlr4-loxp,B6N-Cdh23-KI,,3/28/2024,
Pax2-Cre-Tlr4-loxp-Cdh23-03092024-5M,,Male,3/9/2024,3/28/2024,,"2004, 2005/1704",Pax2-Cre,Tlr4-loxp,B6N-Cdh23-KI,,3/28/2024,
Pax2-Cre-Tlr4-loxp-Cdh23-03092024-6F,,Female,3/9/2024,3/28/2024,,2198/2172,Pax2-Cre,Tlr4-loxp,B6N-Cdh23-KI,,3/28/2024,
Pax2-Cre-Tlr4-loxp-Cdh23-03092024-7F,,Female,3/9/2024,3/28/2024,,2198/2172,Pax2-Cre,Tlr4-loxp,B6N-Cdh23-KI,,3/28/2024,
Pax2-Cre-Tlr4-loxp-Cdh23-03092024-8F,,Female,3/9/2024,3/28/2024,,2198/2172,Pax2-Cre,Tlr4-loxp,B6N-Cdh23-KI,,3/28/2024,
Pax2-Cre-Tlr4-loxp-Cdh23-03092024-9M,,Male,3/9/2024,3/28/2024,,2198/2172,Pax2-Cre,Tlr4-loxp,B6N-Cdh23-KI,,3/28/2024,
Pax2-Cre-Tlr4-loxp-Cdh23-03092024-10M,,Male,3/9/2024,3/28/2024,,2198/2172,Pax2-Cre,Tlr4-loxp,B6N-Cdh23-KI,,3/28/2024,
Pax2-Cre-Tlr4-loxp-Cdh23-03092024-11M,,Male,3/9/2024,3/28/2024,,2198/2172,Pax2-Cre,Tlr4-loxp,B6N-Cdh23-KI,,3/28/2024,
Pax2-Cre-Tlr4-loxp-Cdh23-03092024-12M,,Male,3/9/2024,3/28/2024,,2198/2172,Pax2-Cre,Tlr4-loxp,B6N-Cdh23-KI,,3/28/2024,
Pax2-Cre-Tlr4-loxp-Cdh23-03092024-13M,,Male,3/9/2024,3/28/2024,,2198/2172,Pax2-Cre,Tlr4-loxp,B6N-Cdh23-KI,,3/28/2024,
Pax2-Cre-Tlr4-loxp-Cdh23-03092024-14M,,Male,3/9/2024,3/28/2024,,2198/2172,Pax2-Cre,Tlr4-loxp,B6N-Cdh23-KI,,3/28/2024,
Pax2-Cre-Tlr4-loxp-Cdh23-03092024-15M,,Male,3/9/2024,3/28/2024,,2198/2172,Pax2-Cre,Tlr4-loxp,B6N-Cdh23-KI,,3/28/2024,
Pax2-Cre-Tlr4-loxp-Cdh23-03102024-1F,,Female,3/10/2024,3/28/2024,,2199/2173,Pax2-Cre,Tlr4-loxp,B6N-Cdh23-KI,,3/28/2024,
Pax2-Cre-Tlr4-loxp-Cdh23-03102024-2F,,Female,3/10/2024,3/28/2024,,2199/2173,Pax2-Cre,Tlr4-loxp,B6N-Cdh23-KI,,3/28/2024,
Pax2-Cre-Tlr4-loxp-Cdh23-03102024-3M,,Male,3/10/2024,3/28/2024,,2199/2173,Pax2-Cre,Tlr4-loxp,B6N-Cdh23-KI,,3/28/2024,
Pax2-Cre-Tlr4-loxp-Cdh23-03102024-4M,,Male,3/10/2024,3/28/2024,,2199/2173,Pax2-Cre,Tlr4-loxp,B6N-Cdh23-KI,,3/28/2024,
Pax2-Cre-Tlr4-loxp-Cdh23-03102024-5M,,Male,3/10/2024,3/28/2024,,2199/2173,Pax2-Cre,Tlr4-loxp,B6N-Cdh23-KI,,3/28/2024,
Pax2-Cre-Tlr4-loxp-Cdh23-03102024-6M,,Male,3/10/2024,3/28/2024,,2199/2173,Pax2-Cre,Tlr4-loxp,B6N-Cdh23-KI,,3/28/2024,
Pax2-Cre-Tlr4-loxp-Cdh23-03102024-7M,,Male,3/10/2024,3/28/2024,,2199/2173,Pax2-Cre,Tlr4-loxp,B6N-Cdh23-KI,,3/28/2024,
Pax2-Cre-Tlr4-loxp-Cdh23-03102024-8M,,Male,3/10/2024,3/28/2024,,2199/2173,Pax2-Cre,Tlr4-loxp,B6N-Cdh23-KI,,3/28/2024,
Pax2-Cre-Tlr4-loxp-Cdh23-03102024-9M,,Male,3/10/2024,3/28/2024,,2199/2173,Pax2-Cre,Tlr4-loxp,B6N-Cdh23-KI,,3/28/2024,
Pax2-Cre-Tlr4-loxp-Cdh23-03102024-10M,,Male,3/10/2024,3/28/2024,,2199/2173,Pax2-Cre,Tlr4-loxp,B6N-Cdh23-KI,,3/28/2024,
Pax2-Cre-Tlr4-loxp-Cdh23-03102024-11M,,Male,3/10/2024,3/28/2024,,2199/2173,Pax2-Cre,Tlr4-loxp,B6N-Cdh23-KI,,3/28/2024,
Pax2-Cre-Tlr4-loxp-Cdh23-03102024-12M,,Male,3/10/2024,3/28/2024,,2199/2173,Pax2-Cre,Tlr4-loxp,B6N-Cdh23-KI,,3/28/2024,
Dp16-03092024-1F,,Female,3/9/2024,3/28/2024,,2100/2073,Dp16,,,,3/28/2024,
Dp16-03092024-2F,,Female,3/9/2024,3/28/2024,,2100/2073,Dp16,,,,3/28/2024,
Dp16-03092024-3F,,Female,3/9/2024,3/28/2024,,2100/2073,Dp16,,,,3/28/2024,
Dp16-03092024-4F,,Female,3/9/2024,3/28/2024,,2100/2073,Dp16,,,,3/28/2024,
Dp16-03092024-5F,,Female,3/9/2024,3/28/2024,,2100/2073,Dp16,,,,3/28/2024,
Dp16-03092024-6M,,Male,3/9/2024,3/28/2024,,2100/2073,Dp16,,,,3/28/2024,
Dp16-03092024-7M,,Male,3/9/2024,3/28/2024,,2100/2073,Dp16,,,,3/28/2024,
Dp16-03092024-8M,,Male,3/9/2024,3/28/2024,,2100/2073,Dp16,,,,3/28/2024,
Dp16-03092024-9M,,Male,3/9/2024,3/28/2024,,2100/2073,Dp16,,,,3/28/2024,
Dp16-03092024-10M,,Male,3/9/2024,3/28/2024,,2100/2073,Dp16,,,,3/28/2024,
Ifnr-KO-03192024-1,,Too small to determine,3/19/2024,4/2/2024,,2098/2074,Ifnr-KO,,,,4/2/2024,Euthanized before ready to wean because we had enough Dp16 mice
Ifnr-KO-03192024-2,,Too small to determine,3/19/2024,4/2/2024,,2098/2074,Ifnr-KO,,,,4/2/2024,Euthanized before ready to wean because we had enough Dp16 mice
Ifnr-KO-03192024-3,,Too small to determine,3/19/2024,4/2/2024,,2098/2074,Ifnr-KO,,,,4/2/2024,Euthanized before ready to wean because we had enough Dp16 mice
Ifnr-KO-03192024-4,,Too small to determine,3/19/2024,4/2/2024,,2098/2074,Ifnr-KO,,,,4/2/2024,Euthanized before ready to wean because we had enough Dp16 mice
Ifnr-KO-03192024-5,,Too small to determine,3/19/2024,4/2/2024,,2098/2074,Ifnr-KO,,,,4/2/2024,Euthanized before ready to wean because we had enough Dp16 mice
Ifnr-KO-03192024-6,,Too small to determine,3/19/2024,4/2/2024,,2098/2074,Ifnr-KO,,,,4/2/2024,Euthanized before ready to wean because we had enough Dp16 mice
Ifnr-KO-03192024-7,,Too small to determine,3/19/2024,4/2/2024,,2098/2074,Ifnr-KO,,,,4/2/2024,Euthanized before ready to wean because we had enough Dp16 mice
Ifnr-KO-03192024-8,,Too small to determine,3/19/2024,4/2/2024,,2098/2074,Ifnr-KO,,,,4/2/2024,Euthanized before ready to wean because we had enough Dp16 mice
Ifnr-KO-03192024-9,,Too small to determine,3/19/2024,4/2/2024,,2098/2074,Ifnr-KO,,,,4/2/2024,Euthanized before ready to wean because we had enough Dp16 mice
Ifnr-KO-03192024-10,,Too small to determine,3/19/2024,4/2/2024,,2098/2074,Ifnr-KO,,,,4/2/2024,Euthanized before ready to wean because we had enough Dp16 mice
Ifnr-KO-03192024-11,,Too small to determine,3/19/2024,4/2/2024,,2098/2074,Ifnr-KO,,,,4/2/2024,Euthanized before ready to wean because we had enough Dp16 mice
Ifnr-KO-03192024-12,,Too small to determine,3/19/2024,4/2/2024,,2098/2074,Ifnr-KO,,,,4/2/2024,Euthanized before ready to wean because we had enough Dp16 mice
Ifnr-KO-03182024-1F,,Female,3/18/2024,4/2/2024,,2099/2076,Ifnr-KO,,,,4/2/2024,Euthanized before ready to wean because we had enough Dp16 mice
Ifnr-KO-03182024-2F,,Female,3/18/2024,4/2/2024,,2099/2076,Ifnr-KO,,,,4/2/2024,Euthanized before ready to wean because we had enough Dp16 mice
Ifnr-KO-03182024-3M,,Male,3/18/2024,4/2/2024,,2099/2076,Ifnr-KO,,,,4/2/2024,Euthanized before ready to wean because we had enough Dp16 mice
Ifnr-KO-03182024-4M,,Male,3/18/2024,4/2/2024,,2099/2076,Ifnr-KO,,,,4/2/2024,Euthanized before ready to wean because we had enough Dp16 mice
Ifnr-KO-03182024-5M,,Male,3/18/2024,4/2/2024,,2099/2076,Ifnr-KO,,,,4/2/2024,Euthanized before ready to wean because we had enough Dp16 mice
Ifnr-KO-03182024-6M,,Male,3/18/2024,4/2/2024,,2099/2076,Ifnr-KO,,,,4/2/2024,Euthanized before ready to wean because we had enough Dp16 mice
Ifnr-KO-03182024-7M,,Male,3/18/2024,4/2/2024,,2099/2076,Ifnr-KO,,,,4/2/2024,Euthanized before ready to wean because we had enough Dp16 mice
Trpv1-flox-03212024-1F,,Female,3/21/2024,4/12/2024,,"2410, 2411/2412",Trpv1-flox,,,,4/12/2024,
Trpv1-flox-03212024-2F,,Female,3/21/2024,4/12/2024,,"2410, 2411/2412",Trpv1-flox,,,,4/12/2024,
Trpv1-flox-03212024-3F,,Female,3/21/2024,4/12/2024,,"2410, 2411/2412",Trpv1-flox,,,,4/12/2024,
Trpv1-flox-03212024-4F,,Female,3/21/2024,4/12/2024,,"2410, 2411/2412",Trpv1-flox,,,,4/12/2024,
Trpv1-flox-03212024-5M,,Male,3/21/2024,4/12/2024,,"2410, 2411/2412",Trpv1-flox,,,,4/12/2024,
Trpv1-flox-B6N-Cdh23-KI-03162024-1,,,3/16/2024,4/5/2024,,2043/2049,Trpv1-flox,B6N-Cdh23-KI,,,4/5/2024,
Trpv1-flox-B6N-Cdh23-KI-03162024-2,,,3/16/2024,4/5/2024,,2043/2049,Trpv1-flox,B6N-Cdh23-KI,,,4/5/2024,
Trpv1-flox-B6N-Cdh23-KI-03162024-3,,,3/16/2024,4/5/2024,,2043/2049,Trpv1-flox,B6N-Cdh23-KI,,,4/5/2024,
Trpv1-flox-B6N-Cdh23-KI-03162024-4,,,3/16/2024,4/5/2024,,2043/2049,Trpv1-flox,B6N-Cdh23-KI,,,4/5/2024,
Trpv1-flox-B6N-Cdh23-KI-03162024-5,,,3/16/2024,4/5/2024,,2043/2049,Trpv1-flox,B6N-Cdh23-KI,,,4/5/2024,
Tlr7-KO-0.252024-1,,,3/25/2024,4/12/2024,,2437/2438,Tlr7 KO,,,,4/12/2024,
Tlr7-KO-0.252024-2,,,3/25/2024,4/12/2024,,2437/2438,Tlr7 KO,,,,4/12/2024,
Tlr7-KO-0.252024-3,,,3/25/2024,4/12/2024,,2437/2438,Tlr7 KO,,,,4/12/2024,
Tlr7-KO-0.252024-4,,,3/25/2024,4/12/2024,,2437/2438,Tlr7 KO,,,,4/12/2024,
Tlr7-KO-0.252024-5,,,3/25/2024,4/12/2024,,2437/2438,Tlr7 KO,,,,4/12/2024,
Tlr7-KO-0.252024-6,,,3/25/2024,4/12/2024,,2437/2438,Tlr7 KO,,,,4/12/2024,
Tlr7-KO-0.252024-7,,,3/25/2024,4/12/2024,,2437/2438,Tlr7 KO,,,,4/12/2024,
Tlr7-KO-0.252024-8,,,3/25/2024,4/12/2024,,2437/2438,Tlr7 KO,,,,4/12/2024,
Pax2-Cre-B6N-Cdh23-KI-03172024-1F,,Female,3/17/2024,4/12/2024,,2237/2238,Pax2-Cre,B6N-Cdh23-KI,,,4/12/2024,
Pax2-Cre-B6N-Cdh23-KI-03172024-2F,,Female,3/17/2024,4/12/2024,,2237/2238,Pax2-Cre,B6N-Cdh23-KI,,,4/12/2024,
Pax2-Cre-B6N-Cdh23-KI-03172024-3F,,Female,3/17/2024,4/12/2024,,2237/2238,Pax2-Cre,B6N-Cdh23-KI,,,4/12/2024,
Pax2-Cre-B6N-Cdh23-KI-03172024-4F,,Female,3/17/2024,4/12/2024,,2237/2238,Pax2-Cre,B6N-Cdh23-KI,,,4/12/2024,
Pax2-Cre-B6N-Cdh23-KI-03172024-5F,,Female,3/17/2024,4/12/2024,,2237/2238,Pax2-Cre,B6N-Cdh23-KI,,,4/12/2024,
Pax2-Cre-B6N-Cdh23-KI-03172024-6M,,Male,3/17/2024,4/12/2024,,2237/2238,Pax2-Cre,B6N-Cdh23-KI,,,4/12/2024,
Pax2-Cre-B6N-Cdh23-KI-03172024-7M,,Male,3/17/2024,4/12/2024,,2237/2238,Pax2-Cre,B6N-Cdh23-KI,,,4/12/2024,
Pax2-Cre-B6N-Cdh23-KI-03172024-8M,,Male,3/17/2024,4/12/2024,,2237/2238,Pax2-Cre,B6N-Cdh23-KI,,,4/12/2024,
Pax2-Cre-B6N-Cdh23-KI-03172024-9M,,Male,3/17/2024,4/12/2024,,2237/2238,Pax2-Cre,B6N-Cdh23-KI,,,4/12/2024,
Pax2-Cre-B6N-Cdh23-KI-03172024-10M,,Male,3/17/2024,4/12/2024,,2237/2238,Pax2-Cre,B6N-Cdh23-KI,,,4/12/2024,
Pax2-Cre-B6N-Cdh23-KI-03172024-11M,,Male,3/17/2024,4/12/2024,,2237/2238,Pax2-Cre,B6N-Cdh23-KI,,,4/12/2024,
Pax2-Cre-B6N-Cdh23-KI-03172024-12M,,Male,3/17/2024,4/12/2024,,2237/2238,Pax2-Cre,B6N-Cdh23-KI,,,4/12/2024,
Pax2-Cre-B6N-Cdh23-KI-03172024-13M,,Male,3/17/2024,4/12/2024,,2237/2238,Pax2-Cre,B6N-Cdh23-KI,,,4/12/2024,
C57BLBJ-Dp16-04052024-1F,,Female,4/5/2024,4/22/2024,,2660/2213,C57BL/6J (B6J),Dp16,,,4/22/2024,
C57BLBJ-Dp16-04052024-2M,,Male,4/5/2024,4/22/2024,,2661/2217,C57BL/6J (B6J),Dp16,,,4/22/2024,
Pax2-Cre-Tlr4-loxp-Cdh23-04062024-1F,,Female,4/6/2024,4/22/2024,,"2004, 2005/1704",Pax2-Cre,Tlr4-loxp,B6N-Cdh23-KI,,4/22/2024,
Pax2-Cre-Tlr4-loxp-Cdh23-04062024-2F,,Female,4/6/2024,4/22/2024,,"2004, 2005/1704",Pax2-Cre,Tlr4-loxp,B6N-Cdh23-KI,,4/22/2024,
Pax2-Cre-Tlr4-loxp-Cdh23-04062024-3F,,Female,4/6/2024,4/22/2024,,"2004, 2005/1704",Pax2-Cre,Tlr4-loxp,B6N-Cdh23-KI,,4/22/2024,
Pax2-Cre-Tlr4-loxp-Cdh23-04062024-4F,,Female,4/6/2024,4/22/2024,,"2004, 2005/1704",Pax2-Cre,Tlr4-loxp,B6N-Cdh23-KI,,4/22/2024,
Pax2-Cre-Tlr4-loxp-Cdh23-04062024-5M,,Male,4/6/2024,4/22/2024,,"2004, 2005/1704",Pax2-Cre,Tlr4-loxp,B6N-Cdh23-KI,,4/22/2024,
B6N-Cdh23-KI-01062024-1M,,Male,1/6/2024,1/29/2024,,,B6N-Cdh23-KI,,,Shreshtha Dash,4/23/2024,Transfered from Sarath on 4/23/24. 
B6N-Cdh23-KI-01062024-2M,,Male,1/6/2024,1/29/2024,,,B6N-Cdh23-KI,,,Shreshtha Dash,4/23/2024,Transfered from Sarath on 4/23/24. 
B6N-Cdh23-KI-01062024-3M,,Male,1/6/2024,1/29/2024,,,B6N-Cdh23-KI,,,Shreshtha Dash,4/23/2024,Transfered from Sarath on 4/23/24. 
B6N-Cdh23-KI-01062024-4M,,Male,1/6/2024,1/29/2024,,,B6N-Cdh23-KI,,,Shreshtha Dash,4/23/2024,Transfered from Sarath on 4/23/24. 
B6N-Cdh23-KI-01062024-5M,,Male,1/6/2024,1/29/2024,,,B6N-Cdh23-KI,,,Shreshtha Dash,4/23/2024,Transfered from Sarath on 4/23/24. 
Trpv1-flox-04072024-1F,,Female,4/7/2024,4/26/2024,,"2413, 2414/2415",Trpv1-flox,,,,4/26/2024,
Trpv1-flox-04072024-2F,,Female,4/7/2024,4/26/2024,,"2413, 2414/2415",Trpv1-flox,,,,4/26/2024,
Trpv1-flox-04072024-3M,,Male,4/7/2024,4/26/2024,,"2413, 2414/2415",Trpv1-flox,,,,4/26/2024,
Trpv1-flox-04072024-4M,,Male,4/7/2024,4/26/2024,,"2413, 2414/2415",Trpv1-flox,,,,4/26/2024,
Trpv1-flox-04072024-5M,,Male,4/7/2024,4/26/2024,,"2413, 2414/2415",Trpv1-flox,,,,4/26/2024,
Tbx1-KO-04102024-1M,,Male,4/10/2024,4/29/2024,,2396/2398,Tbx1,,,,4/29/2024,Non-circling male. 
Trpv1-flox-04092024-1M,,Male,4/9/2024,4/29/2024,,2043/2049,Trpv1-flox,B6N-Cdh23-KI,,,4/29/2024,Didn't know if needed but mom was pregnant again anyways.
Trpv1-flox-04092024-2M,,Male,4/9/2024,4/29/2024,,2043/2049,Trpv1-flox,B6N-Cdh23-KI,,,4/29/2024,Didn't know if needed but mom was pregnant again anyways.
Trpv1-flox-04092024-3M,,Male,4/9/2024,4/29/2024,,2043/2049,Trpv1-flox,B6N-Cdh23-KI,,,4/29/2024,Didn't know if needed but mom was pregnant again anyways.
Tlr7-KO-04142024-1F,,Female,4/14/2024,5/6/2024,,2435/2436,Tlr7 KO,,,,5/6/2024,
Tlr7-KO-04142024-2F,,Female,4/14/2024,5/6/2024,,2435/2436,Tlr7 KO,,,,5/6/2024,
Tlr7-KO-04142024-3F,,Female,4/14/2024,5/6/2024,,2435/2436,Tlr7 KO,,,,5/6/2024,
Tlr7-KO-04142024-4M,,Male,4/14/2024,5/6/2024,,2435/2436,Tlr7 KO,,,,5/6/2024,
Tlr7-KO-04142024-5M,,Male,4/14/2024,5/6/2024,,2435/2436,Tlr7 KO,,,,5/6/2024,
Tlr7-KO-04142024-6M,,Male,4/14/2024,5/6/2024,,2435/2436,Tlr7 KO,,,,5/6/2024,
Tlr7-KO-04172024-1F,,Female,4/17/2024,5/6/2024,,2437/2438,Tlr7 KO,,,,5/6/2024,
Tlr7-KO-04172024-2F,,Female,4/17/2024,5/6/2024,,2437/2438,Tlr7 KO,,,,5/6/2024,
Tlr7-KO-04172024-3F,,Female,4/17/2024,5/6/2024,,2437/2438,Tlr7 KO,,,,5/6/2024,
Tlr7-KO-04172024-4F,,Female,4/17/2024,5/6/2024,,2437/2438,Tlr7 KO,,,,5/6/2024,
Tlr7-KO-04172024-5F,,Female,4/17/2024,5/6/2024,,2437/2438,Tlr7 KO,,,,5/6/2024,
Tlr7-KO-04172024-6F,,Female,4/17/2024,5/6/2024,,2437/2438,Tlr7 KO,,,,5/6/2024,
Tlr7-KO-04172024-7M,,Male,4/17/2024,5/6/2024,,2437/2438,Tlr7 KO,,,,5/6/2024,
Tlr7-KO-04172024-8M,,Male,4/17/2024,5/6/2024,,2437/2438,Tlr7 KO,,,,5/6/2024,
Tlr7-KO-04172024-9M,,Male,4/17/2024,5/6/2024,,2437/2438,Tlr7 KO,,,,5/6/2024,
Tlr7-KO-04172024-10M,,Male,4/17/2024,5/6/2024,,2437/2438,Tlr7 KO,,,,5/6/2024,
Tlr7-KO-04172024-11M,,Male,4/17/2024,5/6/2024,,2437/2438,Tlr7 KO,,,,5/6/2024,
Tlr7-KO-04172024-12M,,Male,4/17/2024,5/6/2024,,2437/2438,Tlr7 KO,,,,5/6/2024,
Tlr7-KO-04172024-13M,,Male,4/17/2024,5/6/2024,,2437/2438,Tlr7 KO,,,,5/6/2024,
Tlr7-KO-04172024-14M,,Male,4/17/2024,5/6/2024,,2437/2438,Tlr7 KO,,,,5/6/2024,
Tbx1-KO-04102024-1F,,Female,4/19/2024,5/10/2024,,"1976, 1977/1978",Tbx1,,,,5/10/2024,Shaking female not needed.
Pax2-Cre-Tlr4-loxp-B6N-Cdh23-KI-04222024-1F,,Female,4/22/2024,5/13/2024,,2199/2173,Pax2-Cre,Tlr4-loxp,B6N-Cdh23-KI,,5/13/2024,Only kept equal numbers of males and females. 
Myd88-KO-B6N-Cdh23-KI-04202024-1F,,Female,4/20/2024,5/13/2024,,"2456, 2457/2458",Myd88-KO,B6N-Cdh23-KI,,,5/13/2024,Only kept equal numbers of males and females. 
Myd88-KO-B6N-Cdh23-KI-04202024-2F,,Female,4/20/2024,5/13/2024,,"2456, 2457/2458",Myd88-KO,B6N-Cdh23-KI,,,5/13/2024,Only kept equal numbers of males and females. 
Myd88-KO-B6N-Cdh23-KI-04202024-3F,,Female,4/20/2024,5/13/2024,,"2456, 2457/2458",Myd88-KO,B6N-Cdh23-KI,,,5/13/2024,Only kept equal numbers of males and females. 
Pax2-Cre-Tlr4-loxp-B6N-Cdh23-KI-04202024-1F,,Female,4/20/2024,5/13/2024,,2004/2060,Pax2-Cre,Tlr4-loxp,B6N-Cdh23-KI,,5/13/2024,Runt. 
Trpv1-flox-02212024-1,,Unknown,2/21/2024,3/14/2024,,2416/2417,Trpv1-flox,,,,3/14/2024,
Trpv1-flox-02212024-2,,Unknown,2/21/2024,3/14/2024,,2416/2417,Trpv1-flox,,,,3/14/2024,
Trpv1-flox-02212024-3,,Unknown,2/21/2024,3/14/2024,,2416/2417,Trpv1-flox,,,,3/14/2024,
Trpv1-flox-02212024-4,,Unknown,2/21/2024,3/14/2024,,2416/2417,Trpv1-flox,,,,3/14/2024,
Trpv1-flox-02212024-5,,Unknown,2/21/2024,3/14/2024,,2416/2417,Trpv1-flox,,,,3/14/2024,
Trpv1-flox-02212024-6,,Unknown,2/21/2024,3/14/2024,,2416/2417,Trpv1-flox,,,,3/14/2024,
Trpv1-flox-02212024-7,,Unknown,2/21/2024,3/14/2024,,2416/2417,Trpv1-flox,,,,3/14/2024,
Ifnr-KO-04242024-1M,,Male,4/24/2024,5/16/2024,,"2094, 2095/2096",Ifnr-KO,,,,5/16/2024,Too many males.
Trpv1-flox-B6N-Cdh23-KI-05022024-1M,,Male,5/2/2024,5/21/2024,,2043/2049,Trpv1-flox,B6N-Cdh23-KI,,,5/21/2024,Too many males.
Trpv1-flox-B6N-Cdh23-KI-05032024-1M,,Male,5/3/2024,5/22/2024,,2648/2655,Trpv1-flox,B6N-Cdh23-KI,,,5/22/2024,Too many males.
Tlr3-KO-05012024-1F,,Female,5/1/2024,5/22/2024,,"2700, 2701/2703",Tlr3-KO,,,,5/22/2024,"Runt, missing fur, other litter mates looked great."
Trpv1-KO-B6N-Cdh23-KI-05072024-1M,,Male,5/7/2024,5/27/2024,,2501/2505,Trpv1-KO,B6N-Cdh23-KI,,,5/27/2024,Runt. 
Trpv1-KO-B6N-Cdh23-KI-05072024-2M,,Male,5/7/2024,5/27/2024,,2501/2505,Trpv1-KO,B6N-Cdh23-KI,,,5/27/2024,Runt. 
Tbx1-KO-04292024-1M,,Male,4/29/2024,5/27/2024,,2396/2398,Tbx1,,,,5/27/2024,Non-circling male. 
Tbx1-KO-04292024-2M,,Male,4/29/2024,5/27/2024,,2396/2398,Tbx1,,,,5/27/2024,Non-circling male. 
Tlr4-KO-05022024-1M,,Male,5/2/2024,5/27/2024,,2448/2450,Tlr4 KO,,,,5/27/2024,Too many males.
Tlr4-loxp-B6N-Cdh23-KI-05052024-1F,,Female,5/5/2024,5/27/2024,,"2481, 2482/2485",Tlr4-loxp,B6N-Cdh23-KI,,,5/27/2024,Runt female.
Tlr4-loxp-B6N-Cdh23-KI-05052024-2M,,Male,5/5/2024,5/27/2024,,"2481, 2482/2485",Tlr4-loxp,B6N-Cdh23-KI,,,5/27/2024,Too many males.
Cachd1-KO-05062024-1F,,Female,5/6/2024,5/28/2024,,2403/2404,Cachd1-KO,,,,5/28/2024,Runt female.
Cachd1-KO-05062024-2M,,Male,5/6/2024,5/28/2024,,2403/2404,Cachd1-KO,,,,5/28/2024,Tail was corkscrewed.
Trpv1-flox-05092024-1F,,Female,5/9/2024,5/30/2024,,"2410, 2411/2412",Trpv1-flox,,,,5/30/2024,Too many females.
Trpv1-flox-05092024-2F,,Female,5/9/2024,5/30/2024,,"2410, 2411/2412",Trpv1-flox,,,,5/30/2024,Too many females.
Trpv1-flox-B6N-Cdh23-KI-05112024-1F,,Female,5/11/2024,5/31/2024,,2649/2656,Trpv1-flox,B6N-Cdh23-KI,,,5/31/2024,Didn't need for experiments and mom was pregnant again. 
Trpv1-flox-B6N-Cdh23-KI-05112024-2F,,Female,5/11/2024,5/31/2024,,2649/2656,Trpv1-flox,B6N-Cdh23-KI,,,5/31/2024,Didn't need for experiments and mom was pregnant again. 
Trpv1-flox-B6N-Cdh23-KI-05112024-3F,,Female,5/11/2024,5/31/2024,,2649/2656,Trpv1-flox,B6N-Cdh23-KI,,,5/31/2024,Didn't need for experiments and mom was pregnant again. 
Trpv1-flox-B6N-Cdh23-KI-05112024-4M,,Male,5/11/2024,5/31/2024,,2649/2656,Trpv1-flox,B6N-Cdh23-KI,,,5/31/2024,Didn't need for experiments and mom was pregnant again. 
Trpv1-flox-B6N-Cdh23-KI-05112024-5M,,Male,5/11/2024,5/31/2024,,2649/2656,Trpv1-flox,B6N-Cdh23-KI,,,5/31/2024,Didn't need for experiments and mom was pregnant again. 
Trpv1-flox-B6N-Cdh23-KI-05112024-6M,,Male,5/11/2024,5/31/2024,,2649/2656,Trpv1-flox,B6N-Cdh23-KI,,,5/31/2024,Didn't need for experiments and mom was pregnant again. 
Tlr4-loxp-B6N-Cdh23-KI-05142024-1F,,Female,5/14/2024,6/6/2024,,2482/2485,Tlr4-loxp,B6N-Cdh23-KI,,,6/6/2024,Didn't need for experiments. 
Tlr4-loxp-B6N-Cdh23-KI-05142024-2F,,Female,5/14/2024,6/6/2024,,2482/2485,Tlr4-loxp,B6N-Cdh23-KI,,,6/6/2024,Didn't need for experiments. 
Tlr4-loxp-B6N-Cdh23-KI-05142024-3F,,Female,5/14/2024,6/6/2024,,2482/2485,Tlr4-loxp,B6N-Cdh23-KI,,,6/6/2024,Didn't need for experiments. 
Tlr4-loxp-B6N-Cdh23-KI-05142024-4F,,Female,5/14/2024,6/6/2024,,2482/2485,Tlr4-loxp,B6N-Cdh23-KI,,,6/6/2024,Didn't need for experiments. 
Tlr4-loxp-B6N-Cdh23-KI-05142024-5F,,Female,5/14/2024,6/6/2024,,2482/2485,Tlr4-loxp,B6N-Cdh23-KI,,,6/6/2024,Didn't need for experiments. 
Tlr4-loxp-B6N-Cdh23-KI-05142024-6M,,Male,5/14/2024,6/6/2024,,2482/2485,Tlr4-loxp,B6N-Cdh23-KI,,,6/6/2024,Didn't need for experiments. 
Tlr4-loxp-B6N-Cdh23-KI-05142024-7M,,Male,5/14/2024,6/6/2024,,2482/2485,Tlr4-loxp,B6N-Cdh23-KI,,,6/6/2024,Didn't need for experiments. 
Trpv1-flox-05192024-1F,,Female,5/19/2024,6/6/2024,,"2413, 2414/2415",Trpv1-flox,,,,6/6/2024,Didn't need for experiments. 
Trpv1-flox-05192024-2F,,Female,5/19/2024,6/6/2024,,"2413, 2414/2415",Trpv1-flox,,,,6/6/2024,Didn't need for experiments. 
Trpv1-flox-05192024-3F,,Female,5/19/2024,6/6/2024,,"2413, 2414/2415",Trpv1-flox,,,,6/6/2024,Didn't need for experiments. 
Trpv1-flox-05192024-4F,,Female,5/19/2024,6/6/2024,,"2413, 2414/2415",Trpv1-flox,,,,6/6/2024,Didn't need for experiments. 
Trpv1-flox-05192024-5F,,Female,5/19/2024,6/6/2024,,"2413, 2414/2415",Trpv1-flox,,,,6/6/2024,Didn't need for experiments. 
Trpv1-flox-05192024-6F,,Female,5/19/2024,6/6/2024,,"2413, 2414/2415",Trpv1-flox,,,,6/6/2024,Didn't need for experiments. 
Trpv1-flox-05192024-7F,,Female,5/19/2024,6/6/2024,,"2413, 2414/2415",Trpv1-flox,,,,6/6/2024,Didn't need for experiments. 
Trpv1-flox-05192024-8M,,Male,5/19/2024,6/6/2024,,"2413, 2414/2415",Trpv1-flox,,,,6/6/2024,Didn't need for experiments. 
Trpv1-flox-05192024-9M,,Male,5/19/2024,6/6/2024,,"2413, 2414/2415",Trpv1-flox,,,,6/6/2024,Didn't need for experiments. 
Trpv1-flox-05192024-10M,,Male,5/19/2024,6/6/2024,,"2413, 2414/2415",Trpv1-flox,,,,6/6/2024,Didn't need for experiments. 
Trpv1-flox-05192024-11M,,Male,5/19/2024,6/6/2024,,"2413, 2414/2415",Trpv1-flox,,,,6/6/2024,Didn't need for experiments. 
Tlr3-KO-05132024-1F,,Female,5/13/2024,6/6/2024,,"2704, 2705/2706",Tlr3-KO,,,,6/6/2024,Didn't need for experiments. 
Tlr3-KO-05132024-2M,,Male,5/13/2024,6/6/2024,,"2704, 2705/2706",Tlr3-KO,,,,6/6/2024,Didn't need for experiments. 
Tlr3-KO-05132024-3M,,Male,5/13/2024,6/6/2024,,"2704, 2705/2706",Tlr3-KO,,,,6/6/2024,Didn't need for experiments. 
C57BL-6J-Dp16-05102024-1M,,Male,5/10/2024,6/6/2024,,2660/2213,C57BL/6J (B6J),Dp16,,,6/6/2024,Hydrocephalic. 
Tbx1-KO-05152024-1F,,Female,5/15/2024,6/7/2024,,2395/2397,Tbx1,,,,6/7/2024,Extra or circling female not needed. 
Tbx1-KO-05152024-2F,,Female,5/15/2024,6/7/2024,,2395/2397,Tbx1,,,,6/7/2024,Extra or circling female not needed. 
Tbx1-KO-05152024-3F,,Female,5/15/2024,6/7/2024,,2395/2397,Tbx1,,,,6/7/2024,Extra or circling female not needed. 
Tbx1-KO-05152024-4F,,Female,5/15/2024,6/7/2024,,2395/2397,Tbx1,,,,6/7/2024,Extra or circling female not needed. 
Trpv1-flox-B6N-Cdh23-KI-05212024-1M,,Male,5/21/2024,6/10/2024,,2648/2655,Trpv1-flox,B6N-Cdh23-KI,,,6/10/2024,Extra male not needed.
C57BL-6J-05162024-1F,,Female,5/16/2024,6/10/2024,,2664/2666,C57BL/6J (B6J),,,,6/10/2024,Extra female not needed.
